region,district,facilities,hospitals,health_centers,dispensaries
(bila mkoa),(bila wilaya),1,0,1,0
Arusha,Arusha Cc,328,11,29,212
Arusha,Karatu Dc,76,3,10,60
Arusha,Longido Dc,41,1,7,32
Arusha,Meru Dc,95,2,11,76
Arusha,Monduli Dc,66,2,6,56
Arusha,Ngorongoro Dc,49,3,8,37
Coast,Bagamoyo Dc,63,2,8,44
Coast,Chalinze Dc,108,1,10,95
Coast,Kibaha Dc,157,5,17,122
Coast,Kibiti Dc,80,2,5,72
Coast,Kisarawe Dc,58,1,5,50
Coast,Mafia Dc,32,1,2,28
Coast,Mkuranga Dc,123,1,13,102
Coast,Rufiji Dc,40,1,4,34
Dar Es Salaam,Ilala Mc,537,20,27,305
Dar Es Salaam,Kigamboni Mc,96,5,7,61
Dar Es Salaam,Kinondoni Mc,438,31,18,178
Dar Es Salaam,Temeke Mc,265,9,23,172
Dar Es Salaam,Ubungo Mc,308,11,15,185
Dodoma,Bahi Dc,60,1,7,51
Dodoma,Chamwino Dc,101,3,10,86
Dodoma,Chemba Dc,60,1,6,52
Dodoma,Dodoma Cc,263,10,15,180
Dodoma,Kondoa Dc,80,2,12,64
Dodoma,Kongwa Dc,79,1,9,68
Dodoma,Mpwapwa Dc,90,1,11,77
Geita,Bukombe Dc,96,4,11,78
Geita,Chato Dc,80,2,14,60
Geita,Geita Dc,211,7,21,162
Geita,Mbogwe Dc,44,2,9,32
Iringa,Iringa Dc,182,5,20,132
Iringa,Kilolo Dc,83,2,6,72
Iringa,Mafinga Tc,35,1,11,19
Iringa,Mufindi Dc,105,2,13,89
Kagera,Biharamulo Dc,43,2,7,33
Kagera,Bukoba Dc,108,5,13,75
Kagera,Karagwe Dc,65,3,6,53
Kagera,Kyerwa Dc,46,3,6,36
Kagera,Missenyi Dc,55,3,6,45
Kagera,Muleba Dc,73,4,7,58
Kagera,Ngara Dc,77,4,7,63
Katavi,Mlele Dc,78,2,8,66
Katavi,Mpanda Dc,54,2,7,43
Katavi,Mpimbwe Dc,32,1,6,23
Katavi,Nsimbo Dc,31,1,5,24
Kigoma,Buhigwe Dc,101,4,12,78
Kigoma,Kakonko Dc,40,1,6,32
Kigoma,Kasulu Dc,93,4,14,69
Kigoma,Kibondo Dc,56,1,10,44
Kigoma,Kigoma Dc,61,1,7,51
Kigoma,Uvinza Dc,59,1,5,52
Kilimanjaro,Hai Dc,77,2,11,60
Kilimanjaro,Moshi Dc,229,13,25,143
Kilimanjaro,Mwanga Dc,72,3,8,58
Kilimanjaro,Rombo Dc,61,3,8,49
Kilimanjaro,Same Dc,87,3,11,71
Kilimanjaro,Siha Dc,35,3,8,23
Lindi,Kilwa Dc,144,4,11,126
Lindi,Lindi Dc,63,2,7,51
Lindi,Liwale Dc,48,1,6,40
Lindi,Nachingwea Dc,61,3,4,52
Lindi,Ruangwa Dc,59,1,11,46
Manyara,Babati Dc,117,6,15,86
Manyara,Hanang Dc,51,1,11,38
Manyara,Kiteto Dc,58,1,5,51
Manyara,Mbulu Dc,73,3,8,57
Manyara,Simanjiro Dc,69,2,10,56
Mara,Bunda Dc,85,6,9,66
Mara,Butiama Dc,59,1,6,51
Mara,Musoma Dc,94,5,11,68
Mara,Rorya Dc,64,4,9,49
Mara,Serengeti,93,2,8,80
Mara,Tarime Dc,134,2,15,106
Mbeya,Busokelo,40,2,5,32
Mbeya,Chunya Dc,61,1,7,49
Mbeya,Kyela Dc,68,3,4,54
Mbeya,Mbarali Dc,96,2,11,82
Mbeya,Mbeya Cc,274,10,18,190
Mbeya,Rungwe Dc,83,2,12,64
Morogoro,Gairo Dc,128,2,10,113
Morogoro,Ifakara Tc,75,6,10,54
Morogoro,Kilosa Dc,140,3,16,117
Morogoro,Malinyi Dc,36,2,3,30
Morogoro,Morogoro Dc,287,7,29,201
Morogoro,Mvomero Dc,107,3,11,90
Morogoro,Ulanga Dc,52,1,4,44
Mtwara,Masasi Dc,108,3,12,88
Mtwara,Mtwara Dc,96,5,13,65
Mtwara,Nanyamba Tc,42,1,3,37
Mtwara,Nanyumbu Dc,47,1,5,40
Mtwara,Newala Dc,72,2,8,60
Mtwara,Tandahimba Dc,50,1,9,39
Mwanza,Buchosa Dc,254,16,21,148
Mwanza,Ilemela Mc,185,5,14,138
Mwanza,Kwimba Dc,80,2,11,65
Mwanza,Magu Dc,89,1,8,72
Mwanza,Misungwi Dc,83,2,7,71
Mwanza,Sengerema Dc,82,2,11,64
Mwanza,Ukerewe Dc,55,2,8,44
Njombe,Ludewa Dc,168,6,16,143
Njombe,Makambako Tc,39,2,7,27
Njombe,Makete Dc,78,3,10,63
Njombe,Njombe Dc,147,5,20,109
Rukwa,Kalambo Dc,76,1,10,64
Rukwa,Nkasi Dc,75,2,11,60
Rukwa,Sumbawanga Dc,143,4,19,114
Ruvuma,Madaba Dc,32,1,5,25
Ruvuma,Mbinga Dc,131,5,13,109
Ruvuma,Namtumbo Dc,66,1,10,54
Ruvuma,Nyasa Dc,52,3,7,41
Ruvuma,Songea Dc,155,5,16,112
Ruvuma,Tunduru Dc,93,3,9,80
Shinyanga,Kahama Tc,111,2,14,81
Shinyanga,Kishapu Dc,81,2,9,68
Shinyanga,Msalala Dc,84,1,9,70
Shinyanga,Shinyanga Dc,127,4,10,99
Shinyanga,Ushetu Dc,49,1,5,41
Simiyu,Bariadi Dc,85,4,5,70
Simiyu,Busega Dc,51,2,7,40
Simiyu,Itilima Dc,51,1,5,44
Simiyu,Maswa Dc,74,1,9,63
Simiyu,Meatu Dc,71,1,5,64
Singida,Ikungi Dc,70,3,7,56
Singida,Iramba Dc,68,1,7,59
Singida,Itigi Dc,39,2,3,33
Singida,Manyoni Dc,65,2,5,57
Singida,Mkalama Dc,55,2,5,47
Singida,Singida Dc,115,4,12,81
Songwe,Ileje Dc,53,2,4,46
Songwe,Mbozi Dc,132,4,11,112
Songwe,Momba Dc,58,1,6,50
Songwe,Songwe Dc,49,2,5,40
Songwe,Tunduma Tc,44,2,11,28
Tabora,Igunga Dc,209,3,14,183
Tabora,Kaliua Dc,73,2,10,59
Tabora,Nzega Dc,110,3,12,87
Tabora,Sikonge Dc,53,2,5,45
Tabora,Tabora Dc,95,5,8,68
Tabora,Urambo Dc,50,1,5,43
Tanga,Bumbuli Dc,40,2,4,33
Tanga,Handeni Dc,113,3,6,101
Tanga,Kilindi Dc,65,2,8,54
Tanga,Korogwe Dc,116,4,16,84
Tanga,Lushoto Dc,87,1,7,76
Tanga,Mkinga Dc,53,1,3,48
Tanga,Muheza Dc,78,2,5,68
Tanga,Pangani Dc,33,1,3,28
Tanga,Tanga Cc,117,5,9,75
