code,name,level
S.6300,ASSURANCE SECONDARY SCHOOL,Secondary
S.6302,JOY GIRLS' SECONDARY SCHOOL,Secondary
S.6303,PRECIOUS LEADERS SECONDARY SCHOOL,Secondary
S.6304,MEDALA SECONDARY SCHOOL,Secondary
S.6306,BUGWANGOSO SECONDARY SCHOOL,Secondary
S.6307,KISOJI SECONDARY SCHOOL,Secondary
S.6309,PICHA YA NDEGE SECONDARY SCHOOL,Secondary
S.6312,GOLDMINE SECONDARY SCHOOL,Secondary
S.6313,ST. BERNADETA SECONDARY SCHOOL,Secondary
S.6314,EDUCA SECONDARY SCHOOL,Secondary
S.6315,ICHESA SECONDARY SCHOOL,Secondary
S.6316,ISENENGEJA SECONDARY SCHOOL,Secondary
S.6322,BUYOMBE SECONDARY SCHOOL,Secondary
S.6326,UBAGWE SECONDARY SCHOOL,Secondary
S.6328,MASENGESE SECONDARY SCHOOL,Secondary
S.6330,DOHA SECONDARY SCHOOL,Secondary
S.6334,MLOGANZILA SECONDARY SCHOOL,Secondary
S.6335,BUHALAHALA SECONDARY SCHOOL,Secondary
S.6337,JENISTER MHAGAMA SECONDARY SCHOOL,Secondary
S.6338,MUST LEAD SECONDARY SCHOOL,Secondary
S.6339,DORCAS SECONDARY SCHOOL,Secondary
S.6342,KAZAURA SECONDARY SCHOOL,Secondary
S.6344,CHRIFFA SECONDARY SCHOOL,Secondary
S.6346,KENASKY SECONDARY SCHOOL,Secondary
S.6352,LUHIMBA SECONDARY SCHOOL,Secondary
S.6353,GOOD HOPE ELLY'S SECONDARY SCHOOL,Secondary
S.6356,KISESA GEITA SECONDARY SCHOOL,Secondary
S.6357,BOMBAMBILI GEITA SECONDARY SCHOOL,Secondary
S.6358,ISTIQAAMA TABORA SECONDARY SCHOOL,Secondary
S.6359,BELIEVE EXCELLENCE SECONDARY SCHOOL,Secondary
S.6360,GREEN LANE SECONDARY SCHOOL,Secondary
S.6366,MTUNENEE SECONDARY SCHOOL,Secondary
S.6368,LITTLE WAYS SECONDARY SCHOOL,Secondary
S.6369,RUVUMA LUTHERAN SECONDARY SCHOOL,Secondary
S.6370,ST. MARIA GIRLS' SECONDARY SCHOOL,Secondary
S.6372,GRASSLAND SECONDARY SCHOOL,Secondary
S.6373,MICHAEL JACKSON SECONDARY SCHOOL,Secondary
S.6376,ST. RITA SECONDARY SCHOOL,Secondary
S.6377,AFRICA AMINI SECONDARY SCHOOL,Secondary
S.6378,GREEN STAR SECONDARY SCHOOL,Secondary
S.6380,UPANGWA SECONDARY SCHOOL,Secondary
S.6382,ROSALIA SECONDARY SCHOOL,Secondary
S.6383,PREMIER BOYS' SECONDARY SCHOOL,Secondary
S.6392,ABUBAKARI ASENGA SECONDARY SCHOOL,Secondary
S.6400,KAKONKO GIRLS' SECONDARY SCHOOL,Secondary
S.6401,UNGA LIMITED SECONDARY SCHOOL,Secondary
S.6405,KAIMLETT MEMORIAL SECONDARY SCHOOL,Secondary
S.6410,MPANGA KIPENGERE SECONDARY SCHOOL,Secondary
S.6413,SEME MOTHERLAND SECONDARY SCHOOL,Secondary
S.6419,ROYAL FAMILY SECONDARY SCHOOL,Secondary
S.6431,BUKAMAGE SECONDARY SCHOOL,Secondary
S.6438,UKOMBOZI UMC SECONDARY SCHOOL,Secondary
S.6445,ST. JACOBUS TECHNICAL AND AGRICULTURAL SCIENCE,Secondary
S.6446,ISIKE SECONDARY SCHOOL,Secondary
S.6467,MOUNT KOMBAGULU SECONDARY SCHOOL,Secondary
S.6471,MZIHA SECONDARY SCHOOL,Secondary
S.6472,KILIMANJARO SECONDARY SCHOOL,Secondary
S.6473,PEMBA SECONDARY SCHOOL,Secondary
S.6489,EMAUS SECONDARY SCHOOL,Secondary
S.6490,ZIADA SECONDARY SCHOOL,Secondary
S.6491,ST. IGNATIUS OF LOYOLA  SECONDARY SCHOOL,Secondary
S.6493,NDULUNGU SECONDARY SCHOOL,Secondary
S.6494,JANETH MAGUFULI GIRLS' SECONDARY SCHOOL,Secondary
S.6502,FAZILIBUCHA SECONDARY SCHOOL,Secondary
S.6504,MTAKUJA GEITA SECONDARY SCHOOL,Secondary
S.6505,NYAKATO GEITA SECONDARY SCHOOL,Secondary
S.6522,SUMBAWANGA ISTIQAAMA SECONDARY SCHOOL,Secondary
S.6524,ILININDA SECONDARY SCHOOL,Secondary
S.6527,NYANGABO SECONDARY SCHOOL,Secondary
S.6529,SYMPONIA SECONDARY SCHOOL,Secondary
S.6530,NYAMWAGE SECONDARY SCHOOL,Secondary
S.6532,TANGA AMANI SECONDARY SCHOOL,Secondary
S.6534,GOODWILL NOVELLUS SECONDARY SCHOOL,Secondary
S.6535,MSISIMA SECONDARY SCHOOL,Secondary
S.6537,IKULE SECONDARY SCHOOL,Secondary
S.6539,MIEMBENI GIRLS' SECONDARY SCHOOL,Secondary
S.6541,MARGARET SITTA GIRLS' SECONDARY SCHOOL,Secondary
S.6542,FULWE SECONDARY SCHOOL,Secondary
S.6547,KOLOLI SECONDARY SCHOOL,Secondary
S.6553,SR. PAULIN BOMMER GIRLS' SECONDARY SCHOOL,Secondary
S.6567,MAGRETHMARY SECONDARY SCHOOL,Secondary
S.6575,RWABWERE SECONDARY SCHOOL,Secondary
S.6577,BUGARA SECONDARY SCHOOL,Secondary
S.6578,KAKANJA SECONDARY SCHOOL,Secondary
S.6580,MTEULE SECONDARY SCHOOL,Secondary
S.6583,BLESSING SECONDARY SCHOOL,Secondary
S.6584,NURTURY SECONDARY SCHOOL,Secondary
S.6586,RUGWA BOYS' SECONDARY SCHOOL,Secondary
S.6592,CATHY HAMMER SECONDARY SCHOOL,Secondary
S.6595,MKAMA SECONDARY SCHOOL,Secondary
S.6596,MTEMI CHILOLOMA SECONDARY SCHOOL,Secondary
S.6597,MAKILAWA SECONDARY SCHOOL,Secondary
S.6598,BANGULO SECONDARY SCHOOL,Secondary
S.6599,MOSSI MATONGO SECONDARY SCHOOL,Secondary
S.6602,KALAMBO GIRLS SECONDARY SCHOOL,Secondary
S.6604,STAR REACHERS GIRLS' AND BOYS' SECONDARY SCHOOL,Secondary
S.6605,VISIONARY SECONDARY SCHOOL,Secondary
S.6606,NELSON MEMORIAL SECONDARY SCHOOL,Secondary
S.6607,QUEEN OF AFRICA SECONDARY SCHOOL,Secondary
S.6612,BEREGA SECONDARY SCHOOL,Secondary
S.6613,BUYOGA SECONDARY SCHOOL,Secondary
S.6617,CHAMLINDIMA SECONDARY SCHOOL,Secondary
S.6620,KASESE SECONDARY SCHOOL,Secondary
S.6622,BUPIGI  SECONDARY SCHOOL,Secondary
S.6625,TEMEKE MASASI SECONDARY SCHOOL,Secondary
S.6626,LUKOBE JUU SECONDARY SCHOOL,Secondary
S.6627,MINDU BWAWANI SECONDARY SCHOOL,Secondary
S.6628,NYAMAKOKOTO SECONDARY SCHOOL,Secondary
S.6631,BRIGHT AFRICAN SECONDARY SCHOOL,Secondary
S.6632,DOVYA SECONDARY SCHOOL,Secondary
S.6633,CHEWE SECONDARY SCHOOL,Secondary
S.6634,SAMILUNGA SECONDARY SCHOOL,Secondary
S.6635,NJIAPANDA SECONDARY SCHOOL,Secondary
S.6636,KISUBIU SECONDARY SCHOOL,Secondary
S.6639,ULEDI SECONDARY SCHOOL,Secondary
S.6640,MANAWA SECONDARY SCHOOL,Secondary
S.6642,KILYABOYA SECONDARY SCHOOL,Secondary
S.6643,MALEZI SECONDARY SCHOOL,Secondary
S.6644,LUALAJE SECONDARY SCHOOL,Secondary
S.6645,KATUULA SECONDARY SCHOOL,Secondary
S.6646,BUSANGWA SECONDARY SCHOOL,Secondary
S.6647,MWAMANIMBA SECONDARY SCHOOL,Secondary
S.6648,KIMOBWA SECONDARY SCHOOL,Secondary
S.6649,MASALINGE SECONDARY SCHOOL,Secondary
S.6650,ISENGWA SECONDARY SCHOOL,Secondary
S.6651,MWASHATA SECONDARY SCHOOL,Secondary
S.6652,DEUS SANGU SECONDARY SCHOOL,Secondary
S.6653,KILANGALA SECONDARY SCHOOL,Secondary
S.6654,ZAINABU TELACK SECONDARY SCHOOL,Secondary
S.6655,KONANNE SECONDARY SCHOOL,Secondary
S.6656,USENYE SECONDARY SCHOOL,Secondary
S.6657,MNYETI SECONDARY SCHOOL,Secondary
S.6658,MPETA  SECONDARY SCHOOL,Secondary
S.6660,OLOMITU SECONDARY SCHOOL,Secondary
S.6661,NEW MANAWA SECONDARY SCHOOL,Secondary
S.6662,KIUTU SECONDARY SCHOOL,Secondary
S.6663,MASHIMBA SECONDARY SCHOOL,Secondary
S.6664,NYONGO SECONDARY SCHOOL,Secondary
S.6667,TURA DAY SECONDARY SCHOOL,Secondary
S.6668,KITANDI SECONDARY SCHOOL,Secondary
S.6669,NHOBORA SECONDARY SCHOOL,Secondary
S.6670,KEIKEI SECONDARY SCHOOL,Secondary
S.6671,MPANYANI SECONDARY SCHOOL,Secondary
S.6672,KAGONGWA SECONDARY SCHOOL,Secondary
S.6673,KAMUGEGI SECONDARY SCHOOL,Secondary
S.6674,JERRY MWAGA SECONDARY SCHOOL,Secondary
S.6675,NYUMBIGWA MPYA SECONDARY SCHOOL,Secondary
S.6676,CHIEF NSORO SECONDARY SCHOOL,Secondary
S.6677,LUNYANYWI SECONDARY SCHOOL,Secondary
S.6678,RUANGWA GIRLS' SECONDARY SCHOOL,Secondary
S.6679,KIGERA MWIYALE SECONDARY SCHOOL,Secondary
S.6680,SAMIA SULUHU HASSAN SECONDARY SCHOOL,Secondary
S.6681,MBWEMKURU SECONDARY SCHOOL,Secondary
S.6682,KWANYAMA SECONDARY SCHOOL,Secondary
S.6683,LITEHU MODERN SECONDARY SCHOOL,Secondary
S.6684,MNDUMBWE SECONDARY SCHOOL,Secondary
S.6685,NGOME SECONDARY SCHOOL,Secondary
S.6686,MIKOMA SECONDARY SCHOOL,Secondary
S.6687,UHAMAKA SECONDARY SCHOOL,Secondary
S.6688,LUDEWA KWANZA SECONDARY SCHOOL,Secondary
S.6689,KAWALYOWA SECONDARY SCHOOL,Secondary
S.6690,LUBONDE SECONDARY SCHOOL,Secondary
S.6691,MATETEREKA SECONDARY SCHOOL,Secondary
S.6692,JOSEPH MHAGAMA SECONDARY SCHOOL,Secondary
S.6693,NYAHUA SECONDARY SCHOOL,Secondary
S.6694,IBONDO SECONDARY SCHOOL,Secondary
S.6695,IMAMU ALI SECONDARY SCHOOL,Secondary
S.6696,AMMAR SECONDARY SCHOOL,Secondary
S.6697,CARMEL GIRLS' SECONDARY SCHOOL,Secondary
S.6698,PRECIOUS SECONDARY SCHOOL,Secondary
S.6699,CAPITAL SECONDARY SCHOOL,Secondary
S.6700,KIZENGA SECONDARY SCHOOL,Secondary
S.6701,GIBISHI SECONDARY SCHOOL,Secondary
S.6702,ILEJE GIRLS' SECONDARY SCHOOL,Secondary
S.6703,BULEMBO SECONDARY SCHOOL,Secondary
S.6704,LIPUMBURU SECONDARY SCHOOL,Secondary
S.6705,SOMANGA SECONDARY SCHOOL,Secondary
S.6706,NGUNICHILE SECONDARY SCHOOL,Secondary
S.6707,MANGIRIKITI SEONDARY SCHOOL,Secondary
S.6708,CHIPONDA SECONDARY SCHOOL,Secondary
S.6710,NAISHERO SECONDARY SCHOOL,Secondary
S.6711,KITEMBEI SECONDARY SCHOOL,Secondary
S.6712,MWAMBAO KIVINJA SECONDARY SCHOOL,Secondary
S.6713,LUBUKA SECONDARY SCHOOL,Secondary
S.6714,MBUTU NZEGA SECONDARY SCHOOL,Secondary
S.6715,MAJALILA SECONDARY SCHOOL,Secondary
S.6716,MALUJA SECONDARY SCHOOL,Secondary
S.6718,MAKONDEKO SECONDARY SCHOOL,Secondary
S.6719,LIKOMBE SECONDARY SCHOOL,Secondary
S.6720,NAKAHAKO SECONDARY SCHOOL,Secondary
S.6721,KITWAI SECONDARY SCHOOL,Secondary
S.6722,IFULIFU SECONDARY SCHOOL,Secondary
S.6724,SARAME SECONDARY SCHOOL,Secondary
S.6725,BWAI SECONDARY SCHOOL,Secondary
S.6726,ICHENJEZYA SECONDARY SCHOOL,Secondary
S.6727,NAMBALA SECONDARY SCHOOL,Secondary
S.6728,NSENYA SECONDARY SCHOOL,Secondary
S.6729,HASANGA SECONDARY SCHOOL,Secondary
S.6736,KAMSISI SECONDARY SCHOOL,Secondary
S.6737,MKUNWA SECONDARY SCHOOL,Secondary
S.6738,NAMTUMBUKA SECONDARY SCHOOL,Secondary
S.6739,CHEREHANI SECONDARY SCHOOL,Secondary
S.6740,ELIAS KWANDIKWA SECONDARY SCHOOL,Secondary
S.6741,MCHONJOE SECONDARY SCHOOL,Secondary
S.6742,MWAMAPULI SECONDARY SCHOOL,Secondary
S.6743,TUNDWI SONGANI SECONDARY SCHOOL,Secondary
S.6744,MIZANI SECONDARY SCHOOL,Secondary
S.6745,EDWARD OLELEKAITA SECONDARY SCHOOL,Secondary
S.6746,NASA MATUI SECONDARY SCHOOL,Secondary
S.6747,HIMITI SECONDARY SCHOOL,Secondary
S.6748,CHILENGWE SECONDARY SCHOOL,Secondary
S.6749,MARIAN BOY'S MLINGOTINI SECONDARY SCHOOL,Secondary
S.6750,JISESA SECONDARY SCHOOL,Secondary
S.6751,SHEKILINDI SEKONDARY SCHOOL,Secondary
S.6752,MLALO KAYA SECONDARY SCHOOL,Secondary
S.6753,KIZUKA HILLS SECONDARY SCHOOL,Secondary
S.6754,RASHIDI KAWAWA SECONDARY SCHOOL,Secondary
S.6758,JOHNSON EXCELLENCY SECONDARY SCHOOL,Secondary
S.6759,ISAIAH SAMARITAN SECONDARY SCHOOL,Secondary
S.6760,HARVARD EAST AFRICA SECONDARY SCHOOL,Secondary
S.6761,MAKOSE SECONDARY SCHOOL,Secondary
S.6762,STARON SECONDARY SCHOOL,Secondary
S.6763,BUKAMILA SECONDARY SCHOOL,Secondary
S.6764,MAKETE SECONDARY SCHOOL,Secondary
S.6765,NYASARICHO SECONDARY SCHOOL,Secondary
S.6766,MKIMBII SECONDARY SCHOOL,Secondary
S.6767,KAKUMBI SECONDARY SCHOOL,Secondary
S.6768,DKT. SAMIA SULUHU HASSAN GIRLS SECONDARY SCHOOL,Secondary
S.6769,MAGU MJINI SECONDARY SCHOOL,Secondary
S.6770,KITONGO SECONDARY SCHOOL,Secondary
S.6771,MWILAMVYA MPYA SECONDARY SCHOOL,Secondary
S.6774,MLENGE SECONDARY SCHOOL,Secondary
S.6775,MMALE SECONDARY SCHOOL,Secondary
S.6776,LUBELE SECONDARY SCHOOL,Secondary
S.6777,IZIWA SECONDARY SCHOOL,Secondary
S.6778,PARAMAWE SECONDARY SCHOOL,Secondary
S.6779,BONDENI A  SECONDARY SCHOOL,Secondary
S.6780,ITETE BEACH SECONDARY SCHOOL,Secondary
S.6781,KAMUGANZA SECONDARY SCHOOL,Secondary
S.6782,PHILIPO MULUGO SECONDARY SCHOOL,Secondary
S.6783,MUFINDI SECONDARY SCHOOL,Secondary
S.6784,NGWAZI SECONDARY SCHOOL,Secondary
S.6785,ISAKALILO SECONDARY SCHOOL,Secondary
S.6786,MCHENGERWA SECONDARY SCHOOL,Secondary
S.6787,HILLSIDE SECONDARY SCHOOL,Secondary
S.6789,CHISUNGA SECONDARY SCHOOL,Secondary
S.6790,MANGI WINGIA  SECONDARY SCHOOL,Secondary
S.6791,BUKIRA SECONDARY SCHOOL,Secondary
S.6792,SHINYANGA GIRLS  SECONDARY SCHOOL,Secondary
S.6793,IKANA SECONDARY SCHOOL,Secondary
S.6794,BUNIGONZI SECONDARY SCHOOL,Secondary
S.6795,LUBAGA  SECONDARY SCHOOL,Secondary
S.6797,NYABAKAMBA SECONDARY SCHOOL,Secondary
S.6798,MATUNDA  SECONDARY SCHOOL,Secondary
S.6799,KISANGIRE SECONDARY SCHOOL,Secondary
S.6800,LUFITA SECONDARY SCHOOL,Secondary
S.6801,ALMAS MAIGE  SECONDARY SCHOOL,Secondary
S.6802,MWAMAKONA SECONDARY SCHOOL,Secondary
S.6803,MAGUHA SECONDARY SCHOOL,Secondary
S.6804,MHENDA SECONDARY SCHOOL,Secondary
S.6805,MSAKUZI SECONDARY SCHOOL,Secondary
S.6806,PANGAWE SECONDARY SCHOOL,Secondary
S.6807,LINDI GIRLS SECONDARY SCHOOL,Secondary
S.6808,MKENGWA SECONDARY SCHOOL,Secondary
S.6809,NYAKAGWE SECONDARY SCHOOL,Secondary
S.6810,BUZANAKI SECONDARY SCHOOL,Secondary
S.6811,UJAMAA SECONDARY SCHOOL,Secondary
S.6812,LWENAZI SECONDARY SCHOOL,Secondary
S.6813,MUNEKEZI SECONDARY SCHOOL,Secondary
S.6814,INYALA SECONDARY SCHOOL,Secondary
S.6815,SALAGULWA SECONDARY SCHOOL,Secondary
S.6816,MSASA SECONDARY SCHOOL,Secondary
S.6817,NYAMALELE SECONDARY SCHOOL,Secondary
S.6818,MGUNGA SECONDARY SCHOOL,Secondary
S.6819,CHANKUNGU SECONDARY SCHOOL,Secondary
S.6820,SAMIA GIRLS' SECONDARY SCHOOL,Secondary
S.6821,DKT. MSONDE-MICHUNGWANI SECONDARY SCHOOL,Secondary
S.6822,KUNGU SECONDARY SCHOOL,Secondary
S.6823,MAJIMAJI SECONDARY SCHOOL,Secondary
S.6824,MPAKATE SECONDARY SCHOOL,Secondary
S.6825,NYANSALALA SECONDARY SCHOOL,Secondary
S.6826,MOROTONGA SECONDARY SCHOOL,Secondary
S.6827,FULANO SECONDARY SCHOOL,Secondary
S.6828,NTINACHI SECONDARY SCHOOL,Secondary
S.6829,NYABALASANA SECONDARY SCHOOL,Secondary
S.6830,NYALUBANGA SECONDARY SCHOOL,Secondary
S.6831,MSOGEZI SECONDARY SCHOOL,Secondary
S.6832,MNDEME SECONDARY SCHOOL,Secondary
S.6833,MKOLANI GEITA SECONDARY SCHOOL,Secondary
S.6834,KIBISI SECONDARY SCHOOL,Secondary
S.6835,MJELE SECONDARY SCHOOL,Secondary
S.6836,BULENGAHASI SECONDARY SCHOOL,Secondary
S.6838,ISIMA SECONDARY SCHOOL,Secondary
S.6839,NTONO SECONDARY SCHOOL,Secondary
S.6840,IBONDO CHATO SECONDARY SCHOOL,Secondary
S.6841,NZERA SECONDARY SCHOOL,Secondary
S.6842,SASILO SECONDARY SCHOOL,Secondary
S.6843,NDEWELE SECONDARY SCHOOL,Secondary
S.6844,SARANDA SECONDARY SCHOOL,Secondary
S.6845,DR. SELEMAN JAFO SECONDARY SCHOOL,Secondary
S.6846,JUMAA AWESO  SECONDARY SCHOOL,Secondary
S.6847,LESHATA SEKONDARY SCHOOL,Secondary
S.6848,MUHALALA SECONDARY SCHOOL,Secondary
S.6849,SHAIBU NDEMANGA SECONDARY SCHOOL,Secondary
S.6850,PHILEMON LUHANJO SECONDARY SCHOOL,Secondary
S.6851,MESERANI SECONDARY SCHOOL,Secondary
S.6852,CHIFU MERERE SECONDARY SCHOOL,Secondary
S.6853,NDEKAI SECONDARY SCHOOL,Secondary
S.6854,MSWAKINI SECONDARY SCHOOL,Secondary
S.6855,BUBAKO SECONDARY SCHOOL,Secondary
S.6856,MIJELEJELE SECONDARY SCHOOL,Secondary
S.6857,UPOLO SECONDARY SCHOOL,Secondary
S.6858,ENDAHAGICHANI SECONDARY SCHOOL,Secondary
S.6859,KOKA SECONDARY SCHOOL,Secondary
S.6860,VIZIWAZIWA SECONDARY SCHOOL,Secondary
S.6861,KIVISINI  SECONDARY SCHOOL,Secondary
S.6862,MISUGUSUGU SECONDARY SCHOOL,Secondary
S.6863,DAGENO SECONDARY SCHOOL,Secondary
S.6864,KALAGHE SECONDARY SCHOOL,Secondary
S.6865,TUMAINI JIPYA GIRLS' SECONDARY SCHOOL,Secondary
S.6866,KITOBO SECONDARY SCHOOL,Secondary
S.6867,MPAMAA SECONDARY SCHOOL,Secondary
S.6868,NEW BAGAMOYO SECONDARY SCHOOL,Secondary
S.6869,SEKOUTOURE SECONDARY SCHOOL,Secondary
S.6870,BISHOP  ARNOLD COTEY LUKULEDI GIRLS SEC SCHOOL,Secondary
S.6872,MELELA MPYA SECONDARY SCHOOL,Secondary
S.6873,HOMBOZA SECONDARY SCHOOL,Secondary
S.6874,LIWUNDI SECONDARY SCHOOL,Secondary
S.6875,JIBONDO SECONDARY SCHOOL,Secondary
S.6877,TURKISH MAARIF DAR ES SALAAM SECONDARY SCHOOL,Secondary
S.6878,KILIMANJARO SPRINGS SECONDARY SCHOOL,Secondary
S.6879,ARCHBISHOP   RUZOKA SECONDARY SCHOOL,Secondary
S.6880,SHINJI SECONDARY SCHOOL,Secondary
S.6881,HONEST SECONDARY SCHOOL,Secondary
S.6882,UFUNGILO SECONDARY SCHOOL,Secondary
S.6883,SANUBARAY SECONDARY SCHOOL,Secondary
S.6884,BUYANGE SECONDARY SCHOOL,Secondary
S.6885,KUMBUKUMBU SECONDARY SCHOOL,Secondary
S.6886,GODWINI GONDWE SECONDARY SCHOOL,Secondary
S.6887,KIKONGO SECONDARY SCHOOL,Secondary
S.6888,MILALAZI SECONDARY SCHOOL,Secondary
S.6890,ZANKONA SECONDARY SCHOOL,Secondary
S.6893,IKONDO DAY SECONDARY SCHOOL,Secondary
S.6894,CHIEF SARJA SECONDARY SCHOOL,Secondary
S.6895,ISHPONGA SECONDARY SCHOOL,Secondary
S.6896,KINGILI SECONDARY SCHOOL,Secondary
S.6897,LOHUMBO SECONDARY SCHOOL,Secondary
S.6898,MHANGU SECONDARY SCHOOL,Secondary
S.6899,IGALAMYA SECONDARY SCHOOL,Secondary
S.6900,SOLWA B SECONDARY SCHOOL,Secondary
S.6901,IKINDA SECONDARY SCHOOL,Secondary
S.6902,BUSINDI SECONDARY SCHOOL,Secondary
S.6903,LUSONGA SECONDARY SCHOOL,Secondary
S.6904,KIGALYE SECONDARY SCHOOL,Secondary
S.6905,ST. BERNARD GIRLS' SECONDARY SCHOOL,Secondary
S.6908,FULL GOSPEL SECONDARY SCHOOL,Secondary
S.6909,BUSINDE MPYA SECONDARY SCHOOL,Secondary
S.6911,IGATE SECONDARY SCHOOL,Secondary
S.6912,MAGAONI SECONDARY SCHOOL,Secondary
S.6914,MANOFU SECONDARY SCHOOL,Secondary
S.6915,AHMES MBWENI SECONDARY SCHOOL,Secondary
S.6916,KIZUMBI HILL SECONDARY SCHOOL,Secondary
S.6917,LUKATA SECONDARY SCHOOL,Secondary
S.6918,MSASANI ONE SECONDARY SCHOOL,Secondary
S.6919,LUHARANYONGA SECONDARY SCHOOL,Secondary
S.6920,MSIMBA DAY SECONDARY SCHOOL,Secondary
S.6921,IHANDAUMOJA SECONDARY SCHOOL,Secondary
S.6922,IHEFU SECONDARY SCHOOL,Secondary
S.6923,KYERWA MODERN SECONDARY SCHOOL,Secondary
S.6924,MIKA SECONDARY SCHOOL,Secondary
S.6925,RWANG'ENYI SECONDARY SCHOOL,Secondary
S.6926,MWANTUNDU SECONDARY SCHOOL,Secondary
S.6927,BITIMANYANGA SECONDARY SCHOOL,Secondary
S.6928,MASENHA SECONDARY SCHOOL,Secondary
S.6929,BENAYA SECONDARY SCHOOL,Secondary
S.6930,NGUZO SECONDARY SCHOOL,Secondary
S.6931,KIBUKO SECONDARY SCHOOL,Secondary
S.6932,CHARTUR SECONDARY SCHOOL,Secondary
S.6933,ILANGALE SECONDARY SCHOOL,Secondary
S.6934,DR.MWIGULU NCHEMBA SECONDARY SCHOOL,Secondary
S.6935,KASHELO SECONDARY SCHOOL,Secondary
S.6936,BUGANZU SECONDARY SCHOOL,Secondary
S.6937,BUGELENGA SECONDARY SCHOOL,Secondary
S.6939,AESHI SECONDARY SCHOOL,Secondary
S.6940,IKUZI SECONDARY SCHOOL,Secondary
S.6941,SILOKA SECONDARY SCHOOL,Secondary
S.6943,NYENGE SECONDARY SCHOOL,Secondary
S.6944,KIDAWENDUI SECONDARY SCHOOL,Secondary
S.6945,AMOS MAKALLA SECONDARY SCHOOL,Secondary
S.6952,KAMALAMPAKA SECONDARY SCHOOL,Secondary
S.6953,SAID NKUMBA SECONDARY SCHOOL,Secondary
S.6954,KAZILAMUYAYE  SECONDARY SCHOOL,Secondary
S.6955,SUNSI SECONDARY SCHOOL,Secondary
S.6956,JARIBU SECONDARY SCHOOL,Secondary
S.6957,KARUKEKERE SECONDARY SCHOOL,Secondary
S.6958,DON CARLO'S CHIKOPELO  SECONDARY SCHOOL,Secondary
S.6959,ALOYCEOUS SECONDARY SCHOOL,Secondary
S.6960,ISTIQAAMA NZEGA SECONDARY SCHOOL,Secondary
S.6961,AYALABE SECONDARY SCHOOL,Secondary
S.6962,USIMBILI SECONDARY SCHOOL,Secondary
S.6963,IHENGA SECONDARY SCHOOL,Secondary
S.6964,MAHARU SECONDARY SCHOOL,Secondary
S.6965,MTEMI BEDA SECONDARY SCHOOL,Secondary
S.6966,CARING HANDS SECONDARY SCHOOL,Secondary
S.6967,DR. SAMIA S. H SECONDARY SCHOOL,Secondary
S.6968,OLTEPES KILIMO SECONDARY SCHOOL,Secondary
S.6969,MOMA SECONDARY SCHOOL,Secondary
S.6973,ST. URSULA MTUMBA GIRLS SECONDARY SCHOOL,Secondary
S.6974,MLIMANI ASILI SECONDARY SCHOOL,Secondary
S.6975,MALUGA SECONDARY SCHOOL,Secondary
S.6977,NYAKAFULU SECONDARY SCHOOL,Secondary
S.6978,SALI SEMINARY,Secondary
S.6980,BWAWANI MJINI SECONDARY SCHOOL,Secondary
S.6982,INYANGA SECONDARY SCHOOL,Secondary
S.6983,TIRINA SECONDARY SCHOOL,Secondary
S.6984,KHADIJA NASSIR ALI SECONDARY SCHOOL,Secondary
S.6985,DR.SAMIA.S.HASSAN SECONDARY SCHOOL,Secondary
S.6986,MALIASILI SECONDARY SCHOOL,Secondary
S.6987,MAGOZA FRANKEN SECONDARY SCHOOL,Secondary
S.6988,LUGWADU SECONDARY SCHOOL,Secondary
S.6989,VITA KAWAWA SECONDARY SCHOOL,Secondary
S.6990,OMURUSHAKA SECONDARY SCHOOL,Secondary
S.6991,IKORO SECONDARY SCHOOL,Secondary
S.6992,MAGENA SECONDARY SCHOOL,Secondary
S.6993,IGEKEMAJA SECONDARY SCHOOL,Secondary
S.6994,MABUKULA SECONDARY SCHOOL,Secondary
S.6995,MUMANGI SECONDARY SCHOOL,Secondary
S.6996,NYANGUSA SECONDARY SCHOOL,Secondary
S.7001,BUGENDI SECONDARY SCHOOL,Secondary
S.7002,UZEGA SECONDARY SCHOOL,Secondary
S.7003,BLUESKY SECONDARY SCHOOL,Secondary
S.7004,ISHOZI SACRED HEART SECONDARY SCHOOL,Secondary
S.7005,HANEZYE TECHNICAL SECONDARY SCHOOL,Secondary
S.7006,NOAH AGRO FORESTRY SECONDARY SCHOOL,Secondary
S.7007,BISHOP KIBIRA SECONDARY SCHOOL,Secondary
S.7009,SANZATE SECONDARY SCHOOL,Secondary
S.7010,KATUNDU SECONDARY SCHOOL,Secondary
S.7011,MWAMAGEMBE SECONDARY SCHOOL,Secondary
S.7012,KITARAKA SECONDARY SCHOOL,Secondary
S.7013,SIHA ONE SECONDARY SCHOOL,Secondary
S.7014,BUGIRE SECONDARY SCHOOL,Secondary
S.7015,MAKURUNGE COAST SECONDARY SCHOOL,Secondary
S.7016,DODA SECONDARY SCHOOL,Secondary
S.7017,KWEKUYU SECONDARY SCHOOL,Secondary
S.7018,J. NYAMOGA SECONDARY SCHOOL,Secondary
S.7019,MLANDO SECONDARY SCHOOL,Secondary
S.7020,STANLEY MBOGWE SECONDARY SCHOOL,Secondary
S.7021,MSOLWA STATION SECONDARY SCHOOL,Secondary
S.7022,KIPOTE SECONDARY SCHOOL,Secondary
S.7023,KILIMAHEWA DAY SECONDARY SCHOOL,Secondary
S.7024,BIBI TITI MOHAMED SECONDARY SCHOOL,Secondary
S.7025,DHAHABU SECONDARY SCHOOL,Secondary
S.7026,MWANZO SECONDARY SCHOOL,Secondary
S.7027,KASHEKU SECONDARY SCHOOL,Secondary
S.7028,MWADUI LOHUMBO SECONDARY SCHOOL,Secondary
S.7029,UFIPA SECONDARY SCHOOL,Secondary
S.7030,AL-AQABAH SECONDARY SCHOOL,Secondary
S.7032,MWANZA GIRLS SECONDARY SCHOOL,Secondary
S.7033,MRITO SECONDARY SCHOOL,Secondary
S.7034,JAKAYA MRISHO KIKWETE SECONDARY SCHOOL,Secondary
S.7035,RIDHIWANI KIKWETE SECONDARY SCHOOL,Secondary
S.7036,MAKUTUPORA HILLS SECONDARY SCHOOL,Secondary
S.7038,KATANGA SECONDARY SCHOOL,Secondary
S.7040,MARTIN DES PORES SECONDARY SCHOOL,Secondary
S.7043,KYEGI SECONDARY SCHOOL,Secondary
S.7044,ITIMBO SECONDARY SCHOOL,Secondary
S.7045,KIMUSI SECONDARY SCHOOL,Secondary
S.7046,SAGINI SECONDARY SCHOOL,Secondary
S.7047,ANTASS SECONDARY SCHOOL,Secondary
S.7048,DAR ES SALAAM GIRLS' SECONDARY SCHOOL,Secondary
S.7049,SINYA SECONDARY SCHOOL,Secondary
S.7050,MUNDARARA  SECONDARY SCHOOL,Secondary
S.7053,KANYAMA SECONDARY SCHOOL,Secondary
S.7054,SAYUSAYU SECONDARY SCHOOL,Secondary
S.7055,ST.CLARA DE ASSISI SECONDARY SCHOOL,Secondary
S.7058,MUBUSORO SECONDARY SCHOOL,Secondary
S.7059,KIRUMI SECONDARY SCHOOL,Secondary
S.7060,MWANDUITINJE SECONDARY SCHOOL,Secondary
S.7061,MPETA B SECONDARY SCHOOL,Secondary
S.7062,MABALANGA SECONDARY SCHOOL,Secondary
S.7063,NIMROD MKONO SECONDARY SCHOOL,Secondary
S.7064,NGUNO SECONDARY SCHOOL,Secondary
S.7065,NJALU SECONDARY SCHOOL,Secondary
S.7068,BUGABU SECONDARY SCHOOL,Secondary
S.7069,MICOLIAN GIRLS SECONDARY SCHOOL,Secondary
S.7070,NICOPOLIS SECONDARY SCHOOL,Secondary
S.7071,BRIGHT FUTURE SECONDARY SCHOOL,Secondary
S.7073,KICHONDA SECONDARY SCHOOL,Secondary
S.7074,IBANDA ISLAMIC SECONDARY SCHOOL,Secondary
S.7075,DELELI SECONDARY SCHOOL,Secondary
S.7076,MANUNGU SECONDARY SCHOOL,Secondary
S.7077,LIWITI SECONDARY SCHOOL,Secondary
S.7078,MOIVO SECONDARY SCHOOL,Secondary
S.7079,KILOLAMBWANI SECONDARY SCHOOL,Secondary
S.7080,NAMBAWALA SECONDARY SCHOOL,Secondary
S.7081,AMANDUS CHINGUILE SECONDARY SCHOOL,Secondary
S.7082,NAPE NNAUYE SECONDARY SCHOOL,Secondary
S.7083,UGERA SECONDARY SCHOOL,Secondary
S.7084,SALUNDA SECONDARY SCHOOL,Secondary
S.7085,KAKOLA SECONDARY SCHOOL,Secondary
S.7086,BABAYUCHEMBA SECONDARY SCHOOL,Secondary
S.7087,LUBUNGO SECONDARY SCHOOL,Secondary
S.7088,NYEREGETE SECONDARY SCHOOL,Secondary
S.7089,KANULA SECONDARY SCHOOL,Secondary
S.7090,NYAMBILI NYAMBUNDA SECONDARY SCHOOL,Secondary
S.7091,HUSSEIN BASHE SECONDARY SCHOOL,Secondary
S.7092,NDIRIGISHI SECONDARY SCHOOL,Secondary
S.7093,IHUSI SECONDARY SCHOOL,Secondary
S.7094,NGILIMBA SECONDARY SCHOOL,Secondary
S.7095,LANGAI SECONDARY SCHOOL,Secondary
S.7096,SECHEDA SECONDARY SCHOOL,Secondary
S.7097,KULIMIMKUYUNI SECONDARY SCHOOL,Secondary
S.7098,NYAHANGA SECONDARY SCHOOL,Secondary
S.7099,NHWANDE SECONDARY SCHOOL,Secondary
S.7100,USIMBA SECONDARY SCHOOL,Secondary
S.7101,MAKOWO SECONDARY SCHOOL,Secondary
S.7102,KIGANGAMA SECONDARY SCHOOL,Secondary
S.7103,KYAMIGEGE SECONDARY SCHOOL,Secondary
S.7104,VENANT DAUD SECONDARY SCHOOL,Secondary
S.7105,MBUGAYABANG'HYA SECONDARY SCHOOL,Secondary
S.7106,MWANHUZI SECONDARY SCHOOL,Secondary
S.7107,IGEGU SECONDARY SCHOOL,Secondary
S.7108,MBILA SECONDARY SCHOOL,Secondary
S.7109,NTAHONDI SECONDARY SCHOOL,Secondary
S.7110,LUCY LAMECK SECONDARY SCHOOL,Secondary
S.7111,MSANYILA SECONDARY SCHOOL,Secondary
S.7112,SHIGONGO SECONDARY SCHOOL,Secondary
S.7113,ENGAWALET SECONDARY SCHOOL,Secondary
S.7114,NAMTANA SECONDARY SCHOOL,Secondary
S.7115,KASSONGO SECONDARY SCHOOL,Secondary
S.7116,MWABONGOSO SECONDARY SCHOOL,Secondary
S.7117,MSISI GOLD SECONDARY SCHOOL,Secondary
S.7118,MWABASABI SECONDARY SCHOOL,Secondary
S.7119,DAKAMA-MASWA SECONDARY SCHOOL,Secondary
S.7120,IBANDA 'A' SECONDARY SCHOOL,Secondary
S.7121,BOLISA SECONDARY SCHOOL,Secondary
S.7123,MAVUJI SECONDARY SCHOOL,Secondary
S.7124,CHONGOLO SECONDARY  SCHOOL,Secondary
S.7125,IFINGO SECONDARY SCHOOL,Secondary
S.7126,CHIPAKA SECONDARY SCHOOL,Secondary
S.7127,CHIKUNJA SECONDARY SCHOOL,Secondary
S.7128,IRAMBA SECONDARY SCHOOL,Secondary
S.7129,MOTHER MARIE EUGENIE MILLERET SECONDARY SCHOOL,Secondary
S.7130,MAKALAMENGI SECONDARY SCHOOL,Secondary
S.7131,LINGATO SECONDARY SCHOOL,Secondary
S.7132,WERU SECONDARY SCHOOL,Secondary
S.7133,MBOLIBOLI SECONDARY SCHOOL,Secondary
S.7134,IMARIKA SECONDARY SCHOOL,Secondary
S.7135,MKALAMA ONE SECONDARY SCHOOL,Secondary
S.7136,KAPALANGAO SECONDARY SCHOOL,Secondary
S.7137,ORMELILI SECONDARY SCHOOL,Secondary
S.7138,MNONGODI SECONDARY SCHOOL,Secondary
S.7140,SHIMBO MKUZA SECONDARY SCHOOL,Secondary
S.7141,NYOMBO SECONDARY SCHOOL,Secondary
S.7142,KABUKU NDANI SECONDARY SCHOOL,Secondary
S.7143,DR. LAWRANCE GAMA SECONDARY SCHOOL,Secondary
S.7144,MIYUJI B SECONDARY SCHOOL,Secondary
S.7145,MLIMANI MURIET SECONDARY SCHOOL,Secondary
S.7146,MLELE SECONDARY SCHOOL,Secondary
S.7147,NDOLEZI SECONDARY SCHOOL,Secondary
S.7148,TUPEVILWE SECONDARY SCHOOL,Secondary
S.7149,MKANAREDI SECONDARY SCHOOL,Secondary
S.7150,MAKONDENI SECONDARY SCHOOL,Secondary
S.7151,YOMBO VITUKA SECONDARY SCHOOL,Secondary
S.7152,PUNI SECONDARY SCHOOL,Secondary
S.7154,IMANI THABITI SECONDARY SCHOOL,Secondary
S.7155,KITANGA KISARAWE SECONDARY SCHOOL,Secondary
S.7156,IKUBA SECONDARY SCHOOL,Secondary
S.7157,MESSOMAPYA SECONDARY SCHOOL,Secondary
S.7158,ITIGI MAJENGO SECONDARY SCHOOL,Secondary
S.7159,KANEGELE2023 SECONDARY SCHOOL,Secondary
S.7160,MTAPA SECONDARY SCHOOL,Secondary
S.7161,LAUTENI KANONI SECONDARY SCHOOL,Secondary
S.7162,BUGARA MILLENIUM SECONDARY SCHOOL,Secondary
S.7163,KASHENO SECONDARY SCHOOL,Secondary
S.7164,NYAMAHANGA MISSION SECONDARY SCHOOL,Secondary
S.7165,BUTENGWA SECONDARY SCHOOL,Secondary
S.7166,UYANJO SECONDARY SCHOOL,Secondary
S.7169,FEDHA SECONDARY SCHOOL,Secondary
S.7170,DECA BRILLIANT SECONDARY SCHOOL,Secondary
S.7172,MWAWEJA SECONDARY SCHOOL,Secondary
S.7173,MHAMAMMOJA SCONDARY SCHOOL,Secondary
S.7174,NTOMOKO SECONDARY SCHOOL,Secondary
S.7175,KABINDI SECONDARY SCHOOL,Secondary
S.7176,LWANJILO SECONDARY SCHOOL,Secondary
S.7177,NAMILEMBE SECONDARY SCHOOL,Secondary
S.7178,MKUNGO SECONDARY SCHOOL,Secondary
S.7179,KABANTANGE SECONDARY SCHOOL,Secondary
S.7180,TAMBALALE SECONDARY SCHOOL,Secondary
S.7181,GICHERI SECONDARY SCHOOL,Secondary
S.7182,NYAGESESE SECONDARY SCHOOL,Secondary
S.7183,LILONDO SECONDARY SCHOOL,Secondary
S.7184,GUNATRA SECONDARY SCHOOL,Secondary
S.7185,ANGELLAH KAIRUKI SECONDARY SCHOOL,Secondary
S.7186,MISUFINI-GOMA SECONDARY SCHOOL,Secondary
S.7187,DEUS CARITAS SECONDARY SCHOOL,Secondary
S.7188,NEW HOPE SECONDARY SCHOOL,Secondary
S.7189,EPIPHANY  GIRLS SECONDARY SCHOOL,Secondary
S.7190,DAY SPRING SECONDARY SCHOOL,Secondary
S.7191,DR. KAENA SECONDARY SCHOOL,Secondary
S.7192,NSALAGA SECONDARY SCHOOL,Secondary
S.7193,ISANGALA SECONDARY SCHOOL,Secondary
S.7194,MURUBANGA SECONDARY SCHOOL,Secondary
S.7195,MTUNGULU  SECONDARY SCHOOL,Secondary
S.7196,MADIIRA SECONDARY SCHOOL,Secondary
S.7197,IGUNGULI  SECONDARY SCHOOL,Secondary
S.7198,"KIMAGHAI ""A""  SECONDARY SCHOOL",Secondary
S.7199,MALOLO  SECONDARY SCHOOL,Secondary
S.7200,KISENGA SECONDARY SCHOOL,Secondary
S.7201,MAYEKA SECONDARY SCHOOL,Secondary
S.7202,KAMBIKATOTO SECONDARY SCHOOL,Secondary
S.7203,KWAMAGOME SECONDARY SCHOOL,Secondary
S.7204,SAASHISHA SECONDARY SCHOOL,Secondary
S.7205,MWAMBOLA SECONDARY SCHOOL,Secondary
S.7206,BUNDA MJINI SECONDARY SCHOOL,Secondary
S.7207,DR. SAMIA SULUHU-ISHPONGA SECONDARY SCHOOL,Secondary
S.7208,MKAPA GIRLS SECONDARY SCHOOL,Secondary
S.7209,RUKUMBI SECONDARY SCHOOL,Secondary
S.7210,LYOWA SECONDARY SCHOOL,Secondary
S.7211,PIDA SECONDARY SCHOOL,Secondary
S.7212,SHUNGULIBA SECONDARY SCHOOL,Secondary
S.7213,NYAKADUHA SECONDARY SCHOOL,Secondary
S.7214,MUUNGANO PACHANI SECONDARY SCHOOL,Secondary
S.7215,MWASALA  SECONDARY SCHOOL,Secondary
S.7216,SOLYA SECONDARY SCHOOL,Secondary
S.7217,MBUGANI KITANDILILO SECONDARY SCHOOL,Secondary
S.7218,MAVOTA SECONDARY SCHOOL,Secondary
S.7219,JIDA SECONDARY SCHOOL,Secondary
S.7220,KONGA SECONDARY SCHOOL,Secondary
S.7221,LOVUND SECONDARY SCHOOL,Secondary
S.7222,KWAVAVA SECONDARY SCHOOL,Secondary
S.7223,FOROFORO SECONDARY SCHOOL,Secondary
S.7224,MASAIKA SECONDARY SCHOOL,Secondary
S.7225,LAKE EYASI SECONDARYSCHOOL,Secondary
S.7226,KAGEGA SECONDARY SCHOOL,Secondary
S.7227,KILELEMA SECONDARY SCHOOL,Secondary
S.7228,UGEMBE SECONDARY SCHOOL,Secondary
S.7229,MIHAYO CHEYO SECONDARY SCHOOL,Secondary
S.7230,PUMUANI SECONDARY SCHOOL,Secondary
S.7231,NDEJEMBI  SECONDARY SCHOOL,Secondary
S.7232,MWALIMU NYERERE CHAMWIMO SECONDARY SCHOOL,Secondary
S.7233,MITESA SECONDARY SCHOOL,Secondary
S.7234,KAGERA RIVER GIRLS' SECONDARY SCHOOL,Secondary
S.7235,MANCHALI GIRLS  SECONDARY SCHOOL,Secondary
S.7236,KATAVI GIRLS SECONDARY SCHOOL,Secondary
S.7237,KINGU SECONDARY SCHOOL,Secondary
S.7238,KASASA SECONDARY SCHOOL,Secondary
S.7239,NKUHI MTATURU SECONDARY SCHOOL,Secondary
S.7240,LAKE ITAMBA SECONDARY SCHOOL,Secondary
S.7241,LEPURKO SECONDARY SCHOOL,Secondary
S.7242,CHIGELA SECONDARY SCHOOL,Secondary
S.7243,DR. BATILDA BURIANI GIRLS SECONDARY SCHOOL,Secondary
S.7244,SASU SECONDARY SCHOOL,Secondary
S.7245,MAKINGI  SECONDARY SCHOOL,Secondary
S.7246,KASUNGU  SECONDARY SCHOOL,Secondary
S.7247,NAMING'ONGO SECONDARY SCHOOL,Secondary
S.7248,BAGHAI SECONDARY SCHOOL,Secondary
S.7249,LUPEPO SECONDARY SCHOOL,Secondary
S.7250,UBUNGO NHC SECONDARY SCHOOL,Secondary
S.7251,KING'AZI SECONDARY SCHOOL,Secondary
S.7252,MAZOEZI SECONDARY SCHOOL,Secondary
S.7253,CHASIMBA SECONDARY SCHOOL,Secondary
S.7254,CHEMCHEM RUFIJI SECONDARY SCHOOL,Secondary
S.7255,KIHENZILE SECONDARY SCHOOL,Secondary
S.7256,RUFIJI SECONDARY SCHOOL,Secondary
S.7257,MTAKUJA B SECONDARY SCHOOL,Secondary
S.7258,MTOPESI SECONDARY SCHOOL,Secondary
S.7259,KASERA SECONDARY SCHOOL,Secondary
S.7260,AYAMOHE SECONDARY SCHOOL,Secondary
S.7261,LUKANDE SECONDARY SCHOOL,Secondary
S.7262,TULINDANE SECONDARY SCHOOL,Secondary
S.7263,MPUTA SECONDARY SCHOOL,Secondary
S.7264,NTATUMBILA SECONDARY SCHOOL,Secondary
S.7265,KAPITA SECONDARY SCHOOL,Secondary
S.7266,KITUMBALOMO SECONDARY SCHOOL,Secondary
S.7267,JOSEPHAT KANDEGE SECONDARY SCHOOL,Secondary
S.7268,KILUNGULE SECONDARY SCHOOL,Secondary
S.7269,RAPHTA SECONDARY SCHOOL,Secondary
S.7270,SIKONGE  SECONDARY SCHOOL,Secondary
S.7272,NANYALA SECONDARY SCHOOL,Secondary
S.7273,MAGAMBA - MBOZI SECONDARY SCHOOL,Secondary
S.7275,BUBWEMO SECONDARY SCHOOL,Secondary
S.7276,MRIJO JUU SECONDARY SCHOOL,Secondary
S.7277,MSAMBIAZI SECONDARY SCHOOL,Secondary
S.7278,IZUBA SECONDARY SCHOOL,Secondary
S.7279,ABRAHAM SAMBILA SECONDARY SCHOOL,Secondary
S.7280,NGWALA SECONDARY SCHOOL,Secondary
S.7281,SAMIA MTONGANI SECONDARY SCHOOL,Secondary
S.7282,MWELANI SECONDARY SCHOOL,Secondary
S.7283,BULANGWA SECONDARY SCHOOL,Secondary
S.7284,FADHILA MEMORIAL SECONDARY SCHOOL,Secondary
S.7286,THE SISTERS OF MARY BOYS TOWN SECONDARY SCHOOL,Secondary
S.7288,TUWEMACHO SECONDARY SCHOOL,Secondary
S.7289,KILIMANJARO GIRLS SECONDARY SCHOOL,Secondary
S.7290,CHIEF SAROTA SECONDARY SCHOOL,Secondary
S.7291,MWAKIBUGA SECONDARY SCHOOL,Secondary
S.7292,MARIWANDA SECONDARY SCHOOL,Secondary
S.7293,INGRI SECONDARY SCHOOL,Secondary
S.7294,NJOMBE GIRLS' SECONDARY SCHOOL,Secondary
S.7295,NDOGOWE SECONDARY SCHOOL,Secondary
S.7296,ST. IDA MPANGA SECONDARY SCHOOL,Secondary
S.7297,KISWAGO SECONDARY SCHOOL,Secondary
S.7298,MWANANGWA SECONDARY SCHOOL,Secondary
S.7299,KWEUMA SECONDARY SCHOOL,Secondary
S.7300,DR. PHILIP I. MPANGO SECONDARY SCHOOL,Secondary
S.7301,PROF. ADOLF MKENDA SECONDARY SCHOOL,Secondary
S.7302,MPANGA TAZARA SECONDARY SCHOOL,Secondary
S.7303,SEREGETE SECONDARY SCHOOL,Secondary
S.7304,KISAKI MAJIMOTO SECONDARY SCHOOL,Secondary
S.7305,MBWEWE SECONDARY SCHOOL,Secondary
S.7306,SAUNYI SECONDARY SCHOOL,Secondary
S.7307,MUSAMBARA SECONDARY SCHOOL,Secondary
S.7308,LIPANGALALA SECONDARY SCHOOL,Secondary
S.7309,MAPILI SECONDARY SCHOOL,Secondary
S.7311,UTURO SECONDARY SCHOOL,Secondary
S.7312,BAMBAKILIFI SECONDARY SCHOOL,Secondary
S.7313,TINGINYA SECONDARY SCHOOL,Secondary
S.7314,KUNAMBI SECONDARY SCHOOL,Secondary
S.7315,SAHWA SECONDARY SCHOOL,Secondary
S.7316,KANDAHARI SECONDARY SCHOOL,Secondary
S.7317,STANSLAUS MABULA SECONDARY SCHOOL,Secondary
S.7318,KAITORO SECONDARY SCHOOL,Secondary
S.7319,BULALE SECONDARY SCHOOL,Secondary
S.7320,NDONDO SECONDARY SCHOOL,Secondary
S.7321,EKWABI MEMORIAL SECONDARY SCHOOL,Secondary
S.7322,KUBITERERE SECONDARY SCHOOL,Secondary
S.7323,MTANA SECONDARY SCHOOL,Secondary
S.7324,NYAGISYA SECONDARY SCHOOL,Secondary
S.7325,MISHENI SECONDARY SCHOOL,Secondary
S.7326,SAVANA SECONDARY SCHOOL,Secondary
S.7328,JERUSALEM MLIMANI SECONDARY SCHOOL,Secondary
S.7330,NEW VISION SINGIDA SECONDARY SCHOOL,Secondary
S.7333,MKALI SECONDARY SCHOOL,Secondary
S.7334,BUGANGO SECONDARY SCHOOL,Secondary
S.7335,LAJASECONDARY SCHOOL,Secondary
S.7336,NAMATUNGUTUNGU SECONDARY SCHOOL,Secondary
S.7337,BUGEGERE SECONDARY SCHOOL,Secondary
S.7338,KWABASTOLA SECONDARY SCHOOL,Secondary
S.7339,NKUYU-ITILIMA SECONDARY SCHOOL,Secondary
S.7340,MAKAZI DAY SECONDARY SCHOOL,Secondary
S.7341,BUHAMA SECONDARY SCHOOL,Secondary
S.7343,KAMWANGA SECONDARY SCHOOL,Secondary
S.7345,KWADOE SECONDARY SCHOOL,Secondary
S.7346,MPAPAYU SECONDARY SCHOOL,Secondary
S.7347,BIHARU SECONDARY SCHOOL,Secondary
S.7348,MIWA SECONDARY SCHOOL,Secondary
S.7349,TARIMBA ABBAS SECONDARY SCHOOL,Secondary
S.7350,DKT. PHILIP ISDORY MPANGO SECONDARY SCHOOL,Secondary
S.7351,KIOMBOI LUTHERAN JUNIOR SEMINARY,Secondary
S.7352,CHIBOLI  SECONDARY SCHOOL,Secondary
S.7353,MBALE  SECONDARY SCHOOL,Secondary
S.7354,KALUMBALEZA SECONDARY SCHOOL,Secondary
S.7356,BOMBO 'M'  SECONDARY SCHOOL,Secondary
S.7357,NKELEI MPYA SECONDARY SCHOOL,Secondary
S.7358,MKUNDI 'M' SECONDARY SCHOOL,Secondary
S.7359,KINGITI SECONDARY SCHOOL,Secondary
S.7360,KANYWANGILI SECONDARY SCHOOL,Secondary
S.7362,MLEMBULE SECONDARY SCHOOL,Secondary
S.7363,KIDZCARE SECONDARY SCHOOL,Secondary
S.7366,KAGUNGA GREEN SECONDARY SCHOOL,Secondary
S.7367,HOPE ADVENTIST SECONDARY SCHOOL,Secondary
S.7369,RAUDHWA MODERN ISLAMIC SECONDARY SCHOOL,Secondary
S.7371,KAKOLA KATI SECONDARY SCHOOL,Secondary
S.7373,KALALANGABO SECONDARY SCHOOL,Secondary
S.7374,JOSEPH KIZURIRA SECONDARY SCHOOL,Secondary
S.7375,RUTENGA SECONDARY SCHOOL,Secondary
S.7376,BUMYENGEJA SECONDARY SCHOOL,Secondary
S.7377,NYANTOROTORO SECONDARY SCHOOL,Secondary
S.7378,ISAKA ONE SECONDARY SCHOOL,Secondary
S.7379,NANDA NEWALA SECONDARY SCHOOL,Secondary
S.7380,DR SAMIA-LUMYOZI SECONDARY SCHOOL,Secondary
S.7382,MADOTO SECONDARY SCHOOL,Secondary
S.7383,MICHENGA SECONDARY SCHOOL,Secondary
S.7384,ILOMBA 1 SECONDARY SCHOOL,Secondary
S.7385,MWIKANTSI SECONDARY SCHOOL,Secondary
S.7387,VUJE SECONDARY SCHOOL,Secondary
S.7389,HINJU SECONDARY SCHOOL,Secondary
S.7390,FR. MARIANO SECONDARY SCHOOL,Secondary
S.7391,CHEMCHEM HUDUMA SECONDARY SCHOOL,Secondary
S.7392,KIHUNGU SECONDARY SCHOOL,Secondary
S.7394,BENJAMINI MKAPA NEWALA SECONDARY SCHOOL,Secondary
S.7397,KYANYA SECONDARY SCHOOL,Secondary
S.7402,NKULABI SECONDARY SCHOOL,Secondary
S.7403,MICHESE SECONDARY SCHOOL,Secondary
S.7404,NEW CHANGANYIKENI SECONDARY SCHOOL,Secondary
S.7406,MURONGOINE SECONDARY SCHOOL,Secondary
S.7408,NZUGUNI B SECONDARY SCHOOL,Secondary
S.7410,IYOGWE CHAUYA 70 SECONDARY SCHOOL,Secondary
S.7412,TOLOHA SECONDARY SCHOOL,Secondary
S.7414,ANTHONY MAVUNDE SECONDARY SCHOOL,Secondary
S.7416,MESIJA GIRLS SECONDARY SCHOOL,Secondary
S.7417,SEKEI DAY SECONDARY SCHOOL,Secondary
S.7418,SALMA RASHID KIKWETE SECONDARY SCHOOL,Secondary
S.7420,ILUNDA SECONDARY SCHOOL,Secondary
S.7421,MAKONGORA SECONDARY SCHOOL,Secondary
S.7422,KILAMSA BEST SECONDARY SCHOOL,Secondary
S.7423,ORNG'ADIDA SECONDARY SCHOOL,Secondary
S.7424,EVERLASTING ACADEMY SECONDARY SCHOOL,Secondary
S.7427,RWANTEGE SECONDARY SCHOOL,Secondary
S.7428,ILEMERA-MULEBA SECONDARY SCHOOL,Secondary
S.7429,KASULO SECONDARY SCHOOL,Secondary
S.7430,IRAMBA KONA SECONDARY SCHOOL,Secondary
S.7435,NYAKANYASI SECONDARY SCHOOL,Secondary
S.7436,KABARE SECONDARY SCHOOL,Secondary
S.7437,SHIRIKISHO SECONDARY SCHOOL,Secondary
S.7438,MPELUMBE BOKOMNEMELA SECONDARY SCHOOL,Secondary
S.7440,HEKIMA BORA SECONDARY SCHOOL,Secondary
S.7441,LUKOLE DAY SECONDARY SCHOOL,Secondary
S.7446,WANGI SECONDARY SCHOOL,Secondary
S.7447,LUFU SECONDARY SCHOOL,Secondary
S.7449,ST. FRANCIS INCLUSIVE SECONDARY SCHOOL,Secondary
S.7450,HIGH GATE SECONDARY SCHOOL,Secondary
S.7452,WANANCHI SECONDARY SCHOOL,Secondary
S.7453,KAZEGUNGA SECONDARY SCHOOL,Secondary
S.7456,MOUNT HOREBU SECONDARY SCHOOL,Secondary
S.7457,MWASONGE SECONDARY SCHOOL,Secondary
S.7458,UGANSA  SECONDARY SCHOOL,Secondary
S.7459,BAGAMOYO ISLAMIC SECONDARY SCHOOL,Secondary
S.7461,EAST AFRICA SECONDARY SCHOOL,Secondary
S.7463,BULYANG'OMBEE SECONDARY SCHOOL,Secondary
S.7472,KASUGUTI SECONDARY SCHOOL,Secondary
S.7473,WALAWI SECONDARY SCHOOL,Secondary
S.7474,EG WHITE SECONDARY SCHOOL,Secondary
S.7476,GOD SHALOM COMPASSION SECONDARY SCHOOL,Secondary
S.7477,GOD GIVEN  SECONDARY SCHOOL,Secondary
S.7478,IMMACULATA MODEL GIRL'S SECONDARY SCHOOL,Secondary
S.7479,MAFIA IMAAN SECONDARY SCHOOL,Secondary
S.7486,"MLELA  ""B"" SECONDARY SCHOOL",Secondary
S.7487,KATURUKILA SECONDARY SCHOOL,Secondary
S.7496,ORKOKOLA  SECONDARY SCHOOL,Secondary
S.7497,LOOVILUKUNY  SECONDARY SCHOOL,Secondary
S.7498,TANGINI SECONDARY SCHOOL,Secondary
S.7499,MSANGANI II SECONDARY SCHOOL,Secondary
S.7500,IGANGITALI SECONDARY SCHOOL,Secondary
S.7502,GOSHEN MODEL SECONDARY SCHOOL,Secondary
S.7505,NYARUTUNTU DREAMS SECONDARY SCHOOL,Secondary
S.7506,COMPETENCE GIRLS ISLAMIC SEMINARY,Secondary
S.7509,MWASAGELA SECONDARY SCHOOL,Secondary
S.7512,MATAWALE SECONDARY SCHOOL,Secondary
S.7513,KANYAMLIMA SECONDARY SCHOOL,Secondary
S.7517,UMOJA LEGACY SECONDARY SCHOOL,Secondary
S.7521,CONSOLATA CENTENARY SECONDARY SCHOOL,Secondary
S.7522,ISSALE SECONDARY SCHOOL,Secondary
S.7525,MWALO SECONDARY SCHOOL,Secondary
S.7526,MUGANASHA SECONDARY SCHOOL,Secondary
S.7533,SHEWA SECONDARY SCHOOL,Secondary
S.7542,MTEGOWANOTI SECONDARY SCHOOL,Secondary
S.7573,KIWANGWA MJINI SECONDARY SCHOOL,Secondary
S.7609,MSSANGE SECONDARY SCHOOL,Secondary
S.7622,MNENIA SECONDARY SCHOOL,Secondary
S.7633,MNINDI SECONDARY SCHOOL,Secondary
S.7706,NALINGU DAY SECONDARY SCHOOL,Secondary
